,respondent 0,respondent 1,respondent 2,respondent 3,respondent 4,respondent 5,respondent 6,respondent 7,respondent 8,respondent 9,respondent 10,respondent 11,respondent 12,respondent 13,respondent 14,respondent 15,respondent 16,respondent 17,respondent 18,respondent 19,respondent 20,respondent 21,respondent 22,respondent 23,respondent 24,respondent 25,respondent 26,respondent 27,respondent 28,respondent 29,respondent 30,respondent 31,respondent 32,respondent 33,std,mean,nonmissing
chicken,5.0,3.0,5.0,3.0,3.0,4.0,3.0,2.0,2.0,3.0,5.0,5.0,2.0,5.0,5.0,2.0,5.0,5.0,5.0,4.0,5.0,3.0,5.0,4.0,5.0,1.0,3.0,5.0,5.0,5.0,3.0,3.0,3.0,4.0,1.2178119533221001,3.823529411764706,34
duck,5.0,3.0,5.0,5.0,3.0,4.0,5.0,5.0,5.0,4.0,5.0,5.0,4.0,5.0,4.0,3.0,4.0,5.0,5.0,4.0,5.0,2.0,3.0,3.0,5.0,4.0,2.0,5.0,5.0,4.0,3.0,4.0,3.0,3.0,0.9650764472411539,4.088235294117647,34
eagle,5.0,5.0,5.0,4.0,5.0,5.0,5.0,4.0,5.0,2.0,4.0,5.0,5.0,4.0,4.0,4.0,4.0,5.0,5.0,5.0,5.0,5.0,5.0,4.0,4.0,5.0,5.0,5.0,4.0,5.0,5.0,5.0,4.0,5.0,0.6567895774291853,4.588235294117647,34
ostrich,3.0,5.0,4.0,4.0,2.0,2.0,5.0,3.0,3.0,4.0,3.0,5.0,4.0,4.0,1.0,3.0,3.0,5.0,4.0,2.0,3.0,2.0,4.0,2.0,3.0,3.0,1.0,5.0,2.0,2.0,3.0,1.0,2.0,4.0,1.2001188295294294,3.1176470588235294,34
owl,5.0,5.0,4.0,5.0,4.0,5.0,5.0,5.0,5.0,3.0,5.0,5.0,5.0,5.0,4.0,4.0,4.0,5.0,5.0,5.0,5.0,2.0,5.0,4.0,4.0,5.0,4.0,5.0,4.0,4.0,5.0,4.0,4.0,4.0,0.7064762801416987,4.470588235294118,34
peacock,5.0,5.0,3.0,3.0,2.0,3.0,5.0,3.0,5.0,2.0,4.0,5.0,4.0,4.0,4.0,2.0,4.0,5.0,5.0,3.0,4.0,3.0,4.0,1.0,2.0,1.0,4.0,5.0,2.0,2.0,2.0,2.0,2.0,2.0,1.2916846356061384,3.2941176470588234,34
penguin,3.0,3.0,4.0,5.0,2.0,3.0,5.0,2.0,3.0,3.0,3.0,5.0,3.0,5.0,1.0,3.0,1.0,5.0,3.0,2.0,2.0,1.0,5.0,1.0,3.0,1.0,2.0,5.0,2.0,3.0,3.0,1.0,1.0,2.0,1.3810533580917912,2.823529411764706,34
swan,4.0,5.0,5.0,3.0,2.0,5.0,5.0,3.0,5.0,3.0,3.0,5.0,4.0,5.0,4.0,3.0,5.0,5.0,5.0,4.0,3.0,3.0,4.0,3.0,4.0,2.0,2.0,5.0,3.0,3.0,3.0,2.0,4.0,3.0,1.0533877104130263,3.735294117647059,34
